	Test Error	Train Error
N=1	0.10042590500751146	0.14932403007453385
N=2	0.10384291448493235	0.14699597888469468
N=3	0.08017968147257991	0.11013550218979118
N=4	0.051301499166320576	0.07408757404343547
N=5	0.03305211783385226	0.053290393778943804
N=6	0.023770518828412374	0.043461067996290764
N=7	0.01948032944756982	0.039489956213432
N=8	0.01749344813217582	0.03824898407411509
N=9	0.016768531589877452	0.038597524923883034
