	Test Error	Train Error
N=1	0.13627353534329606	0.09255756863427328
N=2	0.8662951627010252	0.06577638818313661
N=3	0.6106776217742748	0.0626949973036947
N=4	0.21186406182139422	0.049488029494869315
N=5	0.02583390961325126	0.03702861783094155
N=6	6.369152044306627e-05	0.028456213217076747
N=7	0.00313211521573151	0.023071979387837047
N=8	0.10312668835280793	0.019718697045166565
N=9	0.646877016055043	0.017578904094414264
