	Test Error	Train Error
N=1	0.2009797792271647	0.06918906291278278
N=2	0.26701957287817035	0.06394894057578937
N=3	0.1900624614106998	0.05083395473632092
N=4	0.1296404825356597	0.03224437197092004
N=5	0.10422325939621244	0.021113503231371154
N=6	0.10228016564624437	0.015939411281456345
N=7	0.11157180841132917	0.013812288957995859
N=8	0.1175173950597837	0.012853438036982015
N=9	0.1296830812189923	0.012629347771110957
