	Test Error	Train Error
N=1	0.09581785153470765	0.09943280546839799
N=2	0.09578948341271809	0.09943886428919632
N=3	0.08177847861390636	0.08263939576151559
N=4	0.06190929568812863	0.06143874636134066
N=5	0.047714822526052775	0.046666144122348624
N=6	0.039864575124796756	0.038609061850147494
N=7	0.036299754029081074	0.03506620353849823
N=8	0.03537298447314278	0.03428012144589803
N=9	0.03587430726843323	0.03493116438429387
