	Test Error	Train Error
N=1	0.08485291861141392	0.11009274875184709
N=2	0.08484558076499901	0.11010759090644623
N=3	0.06985091741188468	0.0907431633464018
N=4	0.05096015924937323	0.06698502304460847
N=5	0.03801288246220093	0.05098828532278935
N=6	0.03112964568277578	0.04251167658825531
N=7	0.028306776081058152	0.038792450111430135
N=8	0.027979252705443027	0.0379061914281289
N=9	0.028891102860084672	0.038560700958430165
