	Test Error	Train Error
N=1	0.19366811846053705	0.2567104767227363
N=2	0.4306651463526329	0.22267306845038815
N=3	0.7553917387683138	0.22711175643503903
N=4	0.7595990049268834	0.2282509851748711
N=5	0.17053003908088643	0.20068028897639972
N=6	0.24973115186624956	0.1681244955498714
N=7	0.5833867094510332	0.12482260390037508
N=8	0.9686075493813692	0.09620815341945274
N=9	1.2065397079063012	0.1007675141144539
